{
    "name": "root",
    "gauges": {
        "MyBehavior.Policy.Entropy.mean": {
            "value": 0.032064177095890045,
            "min": 0.011450315825641155,
            "max": 0.1054472029209137,
            "count": 1598
        },
        "MyBehavior.Policy.Entropy.sum": {
            "value": 65.21853637695312,
            "min": 22.88918113708496,
            "max": 210.8944091796875,
            "count": 1598
        },
        "MyBehavior.Step.mean": {
            "value": 3333999.0,
            "min": 139998.0,
            "max": 3333999.0,
            "count": 1598
        },
        "MyBehavior.Step.sum": {
            "value": 3333999.0,
            "min": 139998.0,
            "max": 3333999.0,
            "count": 1598
        },
        "MyBehavior.Policy.ExtrinsicValueEstimate.mean": {
            "value": 1.2596076726913452,
            "min": 0.34273186326026917,
            "max": 1.7488383054733276,
            "count": 1598
        },
        "MyBehavior.Policy.ExtrinsicValueEstimate.sum": {
            "value": 840.1583251953125,
            "min": 210.1337127685547,
            "max": 1164.726318359375,
            "count": 1598
        },
        "MyBehavior.Losses.PolicyLoss.mean": {
            "value": 0.13137140147349177,
            "min": 0.10758540491224267,
            "max": 0.15370999020524323,
            "count": 1598
        },
        "MyBehavior.Losses.PolicyLoss.sum": {
            "value": 1.0509712117879342,
            "min": 0.2320284612166385,
            "max": 1.2296799216419458,
            "count": 1598
        },
        "MyBehavior.Losses.ValueLoss.mean": {
            "value": 11.10403494105655,
            "min": 1.7651363215630962,
            "max": 29.258006480663123,
            "count": 1598
        },
        "MyBehavior.Losses.ValueLoss.sum": {
            "value": 88.8322795284524,
            "min": 11.088962857533868,
            "max": 234.064051845305,
            "count": 1598
        },
        "MyBehavior.Policy.LearningRate.mean": {
            "value": 0.00010001502666167998,
            "min": 0.00010001502666167998,
            "max": 0.00029161092279636,
            "count": 1598
        },
        "MyBehavior.Policy.LearningRate.sum": {
            "value": 0.0008001202132934399,
            "min": 0.00058322184559272,
            "max": 0.0023314013028662398,
            "count": 1598
        },
        "MyBehavior.Policy.Epsilon.mean": {
            "value": 0.13333832,
            "min": 0.13333832,
            "max": 0.19720364,
            "count": 1598
        },
        "MyBehavior.Policy.Epsilon.sum": {
            "value": 1.06670656,
            "min": 0.39440728,
            "max": 1.5771337600000002,
            "count": 1598
        },
        "MyBehavior.Policy.Beta.mean": {
            "value": 0.0016735821680000003,
            "min": 0.0016735821680000003,
            "max": 0.004860461636,
            "count": 1598
        },
        "MyBehavior.Policy.Beta.sum": {
            "value": 0.013388657344000002,
            "min": 0.009720923272,
            "max": 0.038858974623999995,
            "count": 1598
        },
        "MyBehavior.IsTraining.mean": {
            "value": 1.0,
            "min": 1.0,
            "max": 1.0,
            "count": 1598
        },
        "MyBehavior.IsTraining.sum": {
            "value": 1.0,
            "min": 1.0,
            "max": 1.0,
            "count": 1598
        }
    },
    "metadata": {
        "timer_format_version": "0.1.0",
        "start_time_seconds": "1641216070",
        "python_version": "3.9.7 (default, Sep 16 2021, 16:59:28) [MSC v.1916 64 bit (AMD64)]",
        "command_line_arguments": "C:\\Users\\s112883\\Anaconda3\\envs\\unity_rl\\Scripts\\mlagents-learn Behavior.yaml --run-id=Easy --time-scale=50 --quality-level=1 --resume",
        "mlagents_version": "0.27.0",
        "mlagents_envs_version": "0.27.0",
        "communication_protocol_version": "1.5.0",
        "pytorch_version": "1.10.0",
        "numpy_version": "1.21.2",
        "end_time_seconds": "1641244077"
    },
    "total": 28006.246447100002,
    "count": 1,
    "self": 0.01253750000250875,
    "children": {
        "run_training.setup": {
            "total": 0.14986539999999993,
            "count": 1,
            "self": 0.14986539999999993
        },
        "TrainerController.start_learning": {
            "total": 28006.0840442,
            "count": 1,
            "self": 89.20718319905063,
            "children": {
                "TrainerController._reset_env": {
                    "total": 9.8521848,
                    "count": 1,
                    "self": 9.8521848
                },
                "TrainerController.advance": {
                    "total": 27906.925868400955,
                    "count": 3194809,
                    "self": 45.164382001094054,
                    "children": {
                        "env_step": {
                            "total": 27861.76148639986,
                            "count": 3194809,
                            "self": 17808.472703598545,
                            "children": {
                                "SubprocessEnvManager._take_step": {
                                    "total": 10002.278390599298,
                                    "count": 3194809,
                                    "self": 196.54177540189266,
                                    "children": {
                                        "TorchPolicy.evaluate": {
                                            "total": 9805.736615197406,
                                            "count": 3194809,
                                            "self": 3012.05510089784,
                                            "children": {
                                                "TorchPolicy.sample_actions": {
                                                    "total": 6793.681514299566,
                                                    "count": 3194809,
                                                    "self": 6793.681514299566
                                                }
                                            }
                                        }
                                    }
                                },
                                "workers": {
                                    "total": 51.01039220201706,
                                    "count": 3194808,
                                    "self": 0.0,
                                    "children": {
                                        "worker_root": {
                                            "total": 27902.822758600272,
                                            "count": 3194808,
                                            "is_parallel": true,
                                            "self": 13728.924980100432,
                                            "children": {
                                                "steps_from_proto": {
                                                    "total": 0.0003824999999997303,
                                                    "count": 1,
                                                    "is_parallel": true,
                                                    "self": 0.00022820000000045582,
                                                    "children": {
                                                        "_process_rank_one_or_two_observation": {
                                                            "total": 0.00015429999999927446,
                                                            "count": 2,
                                                            "is_parallel": true,
                                                            "self": 0.00015429999999927446
                                                        }
                                                    }
                                                },